Year,ProcessingID,Sample_ID,Replicate,Population,Site,CageTreatment,SampleType,Weight-mg,PercentN,PercentC,RatioCN,Note
2023,DCN_H1 SORU (Plant),DCN_H1,1,DC,UP,Herbivore,SORU,3.262,2.1,43.5,20.1,
2023,DCN_H1 POPRCC (Plant),DCN_H1,1,DC,UP,Herbivore,POPRC,2.948,1.1,43.4,38.1,
2023,DCN_H1 MISC (Plant),DCN_H1,1,DC,UP,Herbivore,MISC,3.001,2,44.8,21.8,
2023,DCN_H1 LITTERER (Plant),DCN_H1,1,DC,UP,Herbivore,LITTER,3.224,0.9,43.8,46.9,
2023,DCN_H1 SOIL,DCN_H1,1,DC,UP,Herbivore,SOIL,10.031,0.2,2.9,12.1,
2021,DCN_H1,DCN_H1,1,DC,UP,Herbivore,SOIL,10.24,0.2,2.7,11.1,
2021,L_DCN_H1,DCN_H1,1,DC,UP,Herbivore,LITTER,1.508,0.6,44.9,70.2,
2021,M_DCN_H1,DCN_H1,1,DC,UP,Herbivore,MISC,1.547,1.9,44.1,22.5,
2021,P_DCN_H1,DCN_H1,1,DC,UP,Herbivore,POPRC,1.57,1.6,43.5,26.1,
2021,S_DCN_H1,DCN_H1,1,DC,UP,Herbivore,SORU,1.803,1.9,47.6,25,
2023,DCN_H2 SORU (Plant),DCN_H2,2,DC,UP,Herbivore,SORU,3.147,2,44.3,21.9,
2023,DCN_H2 POPRCC (Plant),DCN_H2,2,DC,UP,Herbivore,POPRC,2.975,1.5,42.1,27.8,
2023,DCN_H2 MISC (Plant),DCN_H2,2,DC,UP,Herbivore,MISC,3.091,1.5,40.8,26.3,
2023,DCN_H2 LITTERER (Plant),DCN_H2,2,DC,UP,Herbivore,LITTER,3.235,1,45.3,42.7,
2023,DCN_H2 SOIL,DCN_H2,2,DC,UP,Herbivore,SOIL,9.97,0.2,2.8,11.7,
2021,DCN_H2,DCN_H2,2,DC,UP,Herbivore,SOIL,10.302,0.2,2.5,11,
2021,L_DCN_H2,DCN_H2,2,DC,UP,Herbivore,LITTER,1.772,0.9,41.5,45.7,
2021,M_DCN_H2,DCN_H2,2,DC,UP,Herbivore,MISC,1.984,2.4,51.5,20.8,
2021,P_DCN_H2,DCN_H2,2,DC,UP,Herbivore,POPRC,1.936,1.6,44.2,27.1,
2021,S_DCN_H2,DCN_H2,2,DC,UP,Herbivore,SORU,2.07,1.8,46.3,24.9,
2023,DCN_H3 SORU (Plant),DCN_H3,3,DC,UP,Herbivore,SORU,3.059,2.1,45.5,21.3,
2023,DCN_H3 POPRCC (Plant),DCN_H3,3,DC,UP,Herbivore,POPRC,3.182,1.1,42.7,38.3,
2023,DCN_H3 MISC (Plant),DCN_H3,3,DC,UP,Herbivore,MISC,3.34,2.1,45.2,21.3,
2023,DCN_H3 LITTERER (Plant),DCN_H3,3,DC,UP,Herbivore,LITTER,3.011,0.7,43.5,55.3,
2023,DCN_H3 SOIL,DCN_H3,3,DC,UP,Herbivore,SOIL,10.001,0.2,3.3,12.8,
2021,DCN_H3,DCN_H3,3,DC,UP,Herbivore,SOIL,10.12,0.2,3.4,11.7,
2021,L_DCN_H3,DCN_H3,3,DC,UP,Herbivore,LITTER,1.819,0.8,43.6,51.3,
2021,M_DCN_H3,DCN_H3,3,DC,UP,Herbivore,MISC,1.602,2,41.7,20.6,
2021,P_DCN_H3,DCN_H3,3,DC,UP,Herbivore,POPRC,1.675,2.7,44.7,16.3,
2021,S_DCN_H3,DCN_H3,3,DC,UP,Herbivore,SORU,1.704,2.2,46,20.4,
2023,DCN_H5 SOIL,DCN_H5,5,DC,UP,Herbivore,SOIL,10.063,0.2,3.1,13,
2023,DCN_H5 POPRC (Plant),DCN_H5,5,DC,UP,Herbivore,POPRC,3.082,1.2,41.8,34.7,
2023,DCN_H5 MISC (Plant),DCN_H5,5,DC,UP,Herbivore,MISC,3.179,1.5,43.6,27.6,
2023,DCN_H5 SORU (Plant),DCN_H5,5,DC,UP,Herbivore,SORU,2.988,2.7,46,16.7,
2023,DCN_H5 LITTER,DCN_H5,5,DC,UP,Herbivore,LITTER,3.227,0.78,43.74,55.46,
2021,DCN_H5,DCN_H5,5,DC,UP,Herbivore,SOIL,10.996,0.2,2.4,12.2,
2021,L_DCN_H5,DCN_H5,5,DC,UP,Herbivore,LITTER,1.771,1,42.6,41.4,
2021,M_DCN_H5,DCN_H5,5,DC,UP,Herbivore,MISC,1.516,2.6,45,16.8,
2021,P_DCN_H5,DCN_H5,5,DC,UP,Herbivore,POPRC,1.793,1.8,43.3,24,
2021,S_DCN_H5,DCN_H5,5,DC,UP,Herbivore,SORU,1.824,2.3,47.7,20.5,
2023,DCN_H6 SORU (Plant),DCN_H6,6,DC,UP,Herbivore,SORU,3.043,2.2,45.9,20.1,
2023,DCN_H6 POPRCC (Plant),DCN_H6,6,DC,UP,Herbivore,POPRC,3.163,2,43.1,20.7,
2023,DCN_H6 MISC (Plant),DCN_H6,6,DC,UP,Herbivore,MISC,3.092,0.9,45.5,45.9,
2023,DCN_H6 LITTERER (Plant),DCN_H6,6,DC,UP,Herbivore,LITTER,3.584,0.5,43.1,81.7,
2023,DCN_H6 SOIL,DCN_H6,6,DC,UP,Herbivore,SOIL,10.005,0.1,2.4,12.3,
2021,DCN_H6,DCN_H6,6,DC,UP,Herbivore,SOIL,10.088,0.1,1.9,10.2,
2021,L_DCN_H6,DCN_H6,6,DC,UP,Herbivore,LITTER,1.769,1.1,42.2,35.2,
2021,M_DCN_H6,DCN_H6,6,DC,UP,Herbivore,MISC,1.929,1.9,46,23,
2021,P_DCN_H6,DCN_H6,6,DC,UP,Herbivore,POPRC,1.698,1.9,43,22.1,
2021,S_DCN_H6,DCN_H6,6,DC,UP,Herbivore,SORU,1.916,1.6,45,26.7,
2023,DCN_H8 SOIL,DCN_H8,8,DC,UP,Herbivore,SOIL,10.046,0.2,2.8,13.3,
2023,DCN_H8 LITTER (Plant),DCN_H8,8,DC,UP,Herbivore,LITTER,3.081,0.8,43,50.7,
2023,DCN_H8 POPRC (Plant),DCN_H8,8,DC,UP,Herbivore,POPRC,3.112,1.1,42.5,37.4,
2023,DCN_H8 SORU (Plant),DCN_H8,8,DC,UP,Herbivore,SORU,3.461,2.1,46,21.6,
2023,DCN_H8 MISC (Plant),DCN_H8,8,DC,UP,Herbivore,MISC,3.378,2.8,42.7,15,
2021,DCN_H8,DCN_H8,8,DC,UP,Herbivore,SOIL,10.437,0.2,3,12.6,
2021,L_DCN_H8,DCN_H8,8,DC,UP,Herbivore,LITTER,1.916,0.7,45.9,59,
2021,M_DCN_H8,DCN_H8,8,DC,UP,Herbivore,MISC,1.784,2.2,49.9,21.8,
2021,P_DCN_H8,DCN_H8,8,DC,UP,Herbivore,POPRC,1.743,2.5,43.5,17.1,
2021,S_DCN_H8,DCN_H8,8,DC,UP,Herbivore,SORU,1.75,1.6,47.5,27.9,
2023,DCN_P1 LITTERER (Plant),DCN_P1,1,DC,UP,F2_Predator,LITTER,3.095,1.1,42.4,36.7,
2023,DCN_P1 MISC (Plant),DCN_P1,1,DC,UP,F2_Predator,MISC,3.001,3.1,44,14.1,
2023,DCN_P1 POPRCC (Plant),DCN_P1,1,DC,UP,F2_Predator,POPRC,3.053,0.9,41.6,46.1,
2023,DCN_P1 SOIL,DCN_P1,1,DC,UP,F2_Predator,SOIL,10.003,0.2,2.9,12.3,
2023,DCN_P1 SORU (Plant),DCN_P1,1,DC,UP,F2_Predator,SORU,3.352,2.1,45.6,21.4,
2021,DCN_P1,DCN_P1,1,DC,UP,F2_Predator,SOIL,10.118,0.2,3.2,13.1,
2021,L_DCN_P1,DCN_P1,1,DC,UP,F2_Predator,LITTER,2.001,0.5,45.4,78,
2021,M_DCN_P1,DCN_P1,1,DC,UP,F2_Predator,MISC,1.933,2.6,38.1,14.3,
2021,P_DCN_P1,DCN_P1,1,DC,UP,F2_Predator,POPRC,2.073,1.7,39.6,22.7,
2021,S_DCN_P1,DCN_P1,1,DC,UP,F2_Predator,SORU,1.937,2,46.1,22.1,
2023,DCN_P2 LITTERER (Plant),DCN_P2,2,DC,UP,F1_Predator,LITTER,3.226,1.1,42.5,35.8,
2023,DCN_P2 MISC (Plant),DCN_P2,2,DC,UP,F1_Predator,MISC,2.978,1.4,47.6,31.8,
2023,DCN_P2 POPRCC (Plant),DCN_P2,2,DC,UP,F1_Predator,POPRC,3.072,1.8,42.5,22.8,
2023,DCN_P2 SOIL,DCN_P2,2,DC,UP,F1_Predator,SOIL,10.092,0.2,3,11.9,
2023,DCN_P2 SORU (Plant),DCN_P2,2,DC,UP,F1_Predator,SORU,3.068,2.8,46,16.3,
2021,DCN_P2,DCN_P2,2,DC,UP,F1_Predator,SOIL,10.135,0.2,2.6,12.6,
2021,L_DCN_P2,DCN_P2,2,DC,UP,F1_Predator,LITTER,1.526,0.6,43.4,64.2,
2021,M_DCN_P2,DCN_P2,2,DC,UP,F1_Predator,MISC,1.991,1.2,45.8,37.2,
2021,P_DCN_P2,DCN_P2,2,DC,UP,F1_Predator,POPRC,1.677,1.9,39.6,20.6,
2021,S_DCN_P2,DCN_P2,2,DC,UP,F1_Predator,SORU,1.972,2.7,57.4,20.9,
2023,DCN_P3 LITTERER (Plant),DCN_P3,3,DC,UP,F2_Predator,LITTER,3.076,1.1,43,37.8,
2023,DCN_P3 MISC (Plant),DCN_P3,3,DC,UP,F2_Predator,MISC,2.962,2.4,43.7,18,
2023,DCN_P3 POPRCC (Plant),DCN_P3,3,DC,UP,F2_Predator,POPRC,3.099,1.4,42.2,29.7,
2023,DCN_P3 SOIL,DCN_P3,3,DC,UP,F2_Predator,SOIL,9.993,0.3,3.6,11.7,
2023,DCN_P3 SORU (Plant),DCN_P3,3,DC,UP,F2_Predator,SORU,3.093,1.7,46.4,25.7,
2021,DCN_P3,DCN_P3,3,DC,UP,F2_Predator,SOIL,10.396,0.2,2.6,12.3,
2021,L_DCN_P3,DCN_P3,3,DC,UP,F2_Predator,LITTER,1.747,0.5,42.8,71.5,
2021,M_DCN_P3,DCN_P3,3,DC,UP,F2_Predator,MISC,1.908,2.2,42,18.5,
2021,P_DCN_P3,DCN_P3,3,DC,UP,F2_Predator,POPRC,1.853,1.8,44.1,23.3,
2021,S_DCN_P3,DCN_P3,3,DC,UP,F2_Predator,SORU,NA,2.4,53.8,21.5,Imputed
2023,DCN_P4 LITTERER (Plant),DCN_P4,4,DC,UP,F1_Predator,LITTER,3.323,1,44.4,42.4,
2023,DCN_P4 MISC (Plant),DCN_P4,4,DC,UP,F1_Predator,MISC,3.065,1.2,45.8,35.9,
2023,DCN_P4 POPRCC (Plant),DCN_P4,4,DC,UP,F1_Predator,POPRC,3.184,1.2,42.8,35.2,
2023,DCN_P4 SOIL,DCN_P4,4,DC,UP,F1_Predator,SOIL,10.061,0.2,2.8,11.2,
2023,DCN_P4 SORU (Plant),DCN_P4,4,DC,UP,F1_Predator,SORU,3.381,2.3,45.3,19,
2021,DCN_P4,DCN_P4,4,DC,UP,F1_Predator,SOIL,10.885,0.2,2.6,12,
2021,L_DCN_P4,DCN_P4,4,DC,UP,F1_Predator,LITTER,1.767,0.5,47.8,88.4,
2021,M_DCN_P4,DCN_P4,4,DC,UP,F1_Predator,MISC,1.876,2,43.9,21.4,
2021,P_DCN_P4,DCN_P4,4,DC,UP,F1_Predator,POPRC,2.025,1.9,39.6,20.5,
2021,S_DCN_P4,DCN_P4,4,DC,UP,F1_Predator,SORU,1.747,2.1,48.3,22.3,
2023,DCN_P6 LITTERER (Plant),DCN_P6,6,DC,UP,F2_Predator,LITTER,3.147,0.8,44.8,51.3,
2023,DCN_P6 MISC (Plant),DCN_P6,6,DC,UP,F2_Predator,MISC,3.27,1.3,44.8,34.2,
2023,DCN_P6 POPRCC (Plant),DCN_P6,6,DC,UP,F2_Predator,POPRC,3.129,2,43.2,20.6,
2023,DCN_P6 SOIL,DCN_P6,6,DC,UP,F2_Predator,SOIL,9.962,0.2,2.7,11.7,
2023,DCN_P6 SORU (Plant),DCN_P6,6,DC,UP,F2_Predator,SORU,3.328,2.4,46.5,18.9,
2021,DCN_P6,DCN_P6,6,DC,UP,F2_Predator,SOIL,10.028,0.2,2.3,11.7,
2021,L_DCN_P6,DCN_P6,6,DC,UP,F2_Predator,LITTER,1.803,0.9,44.2,44.9,
2021,M_DCN_P6,DCN_P6,6,DC,UP,F2_Predator,MISC,1.935,2.3,41.7,17.5,
2021,P_DCN_P6,DCN_P6,6,DC,UP,F2_Predator,POPRC,1.763,1.7,39.6,22.6,
2021,S_DCN_P6,DCN_P6,6,DC,UP,F2_Predator,SORU,2.042,3.1,70.7,22.4,
2023,DCN_P7 LITTERER (Plant),DCN_P7,7,DC,UP,F1_Predator,LITTER,3.331,0.8,46.2,57.6,
2023,DCN_P7 MISC (Plant),DCN_P7,7,DC,UP,F1_Predator,MISC,3.487,2.1,43,19.8,
2023,DCN_P7 POPRCC (Plant),DCN_P7,7,DC,UP,F1_Predator,POPRC,3.056,1.6,40.9,25.2,
2023,DCN_P7 SOIL,DCN_P7,7,DC,UP,F1_Predator,SOIL,9.987,0.2,2.8,11.5,
2023,DCN_P7 SORU (Plant),DCN_P7,7,DC,UP,F1_Predator,SORU,3.209,2.5,45.3,18,
2021,DCN_P7,DCN_P7,7,DC,UP,F1_Predator,SOIL,10.957,0.2,2.6,11.7,
2021,L_DCN_P7,DCN_P7,7,DC,UP,F1_Predator,LITTER,1.918,0.7,44.1,59.4,
2021,M_DCN_P7,DCN_P7,7,DC,UP,F1_Predator,MISC,1.677,1.3,30.6,23.4,
2021,P_DCN_P7,DCN_P7,7,DC,UP,F1_Predator,POPRC,1.894,1.9,43.9,22.7,
2021,S_DCN_P7,DCN_P7,7,DC,UP,F1_Predator,SORU,1.827,2.3,46.4,19.6,
2023,FNN_H4 SORU (Plant),FNN_H4,4,FN,UP,Herbivore,SORU,3.047,2.5,45.7,18,
2023,FNN_H4 POPRCC (Plant),FNN_H4,4,FN,UP,Herbivore,POPRC,3.053,1.2,43,34.5,
2023,FNN_H4 MISC (Plant),FNN_H4,4,FN,UP,Herbivore,MISC,3.054,1.1,43.5,36.7,
2023,FNN_H4 LITTERER (Plant),FNN_H4,4,FN,UP,Herbivore,LITTER,3.149,1.4,42.5,29.1,
2023,FNN_H4 SOIL,FNN_H4,4,FN,UP,Herbivore,SOIL,10565,0,0,12,
2021,FNN_H4,FNN_H4,4,FN,UP,Herbivore,SOIL,10.793,0.2,3.2,12.5,
2021,L_FNN_H4,FNN_H4,4,FN,UP,Herbivore,LITTER,1.954,0.5,45.9,80.7,
2021,M_FNN_H4,FNN_H4,4,FN,UP,Herbivore,MISC,1.713,2.1,44,20.9,
2021,P_FNN_H4,FNN_H4,4,FN,UP,Herbivore,POPRC,2.002,0.9,17.4,18.8,
2021,S_FNN_H4,FNN_H4,4,FN,UP,Herbivore,SORU,1.633,2.2,44.7,20.1,
2023,FNN_H5 SORU (Plant),FNN_H5,5,FN,UP,Herbivore,SORU,3.222,2.2,44.9,20.1,
2023,FNN_H5 POPRCC (Plant),FNN_H5,5,FN,UP,Herbivore,POPRC,3.475,1.4,41.5,29.4,
2023,FNN_H5 MISC (Plant),FNN_H5,5,FN,UP,Herbivore,MISC,3.349,1.1,45.4,40.3,
2023,FNN_H5 LITTERER (Plant),FNN_H5,5,FN,UP,Herbivore,LITTER,3.16,0.8,43.3,50.2,
2023,FNN_H5 SOIL,FNN_H5,5,FN,UP,Herbivore,SOIL,10.197,0.2,3,12.6,
2021,FNN_H5,FNN_H5,5,FN,UP,Herbivore,SOIL,10.366,0.2,3.2,12.1,
2021,L_FNN_H5,FNN_H5,5,FN,UP,Herbivore,LITTER,1.857,1.1,45,38.8,
2021,M_FNN_H5,FNN_H5,5,FN,UP,Herbivore,MISC,1.936,2.1,44.4,21,
2021,P_FNN_H5,FNN_H5,5,FN,UP,Herbivore,POPRC,1.563,2.2,44.9,19.6,
2021,S_FNN_H5,FNN_H5,5,FN,UP,Herbivore,SORU,1.506,2.2,47.9,21.7,
2023,FNN_H6 SORU (Plant),FNN_H6,6,FN,UP,Herbivore,SORU,3.39,2.3,46.5,19.7,
2023,FNN_H6 POPRCC (Plant),FNN_H6,6,FN,UP,Herbivore,POPRC,3.081,1.2,39.1,31.6,
2023,FNN_H6 MISC (Plant),FNN_H6,6,FN,UP,Herbivore,MISC,3.285,2,43.4,21.4,
2023,FNN_H6 LITTERER (Plant),FNN_H6,6,FN,UP,Herbivore,LITTER,3.219,0.5,42.5,76.4,
2023,FNN_H6 SOIL,FNN_H6,6,FN,UP,Herbivore,SOIL,10.449,0.2,2.9,12.2,
2021,FNN_H6,FNN_H6,6,FN,UP,Herbivore,SOIL,10.298,0.2,3.1,12,
2021,L_FNN_H6,FNN_H6,6,FN,UP,Herbivore,LITTER,1.758,0.7,45.3,57.5,
2021,M_FNN_H6,FNN_H6,6,FN,UP,Herbivore,MISC,1.678,2.7,43.2,15.5,
2021,P_FNN_H6,FNN_H6,6,FN,UP,Herbivore,POPRC,1.692,1.8,43.2,23,
2021,S_FNN_H6,FNN_H6,6,FN,UP,Herbivore,SORU,1.83,2.5,44.7,17.6,
2023,FNN_H7 SORU (Plant),FNN_H7,7,FN,UP,Herbivore,SORU,3.114,2.3,44.9,19.5,
2023,FNN_H7 POPRCC (Plant),FNN_H7,7,FN,UP,Herbivore,POPRC,3.037,1.1,41,35.4,
2023,FNN_H7 MISC (Plant),FNN_H7,7,FN,UP,Herbivore,MISC,3.055,1.6,44,26.7,
2023,FNN_H7 LITTERER (Plant),FNN_H7,7,FN,UP,Herbivore,LITTER,3.004,0.9,41,42.1,
2023,FNN_H7 SOIL,FNN_H7,7,FN,UP,Herbivore,SOIL,10.565,0.1,2.4,12.3,
2021,FNN_H7,FNN_H7,7,FN,UP,Herbivore,SOIL,10.414,0.2,2.9,13.5,
2021,L_FNN_H7,FNN_H7,7,FN,UP,Herbivore,LITTER,1.881,0.7,43,59.7,
2021,M_FNN_H7,FNN_H7,7,FN,UP,Herbivore,MISC,1.984,2.4,44.4,17.7,
2021,P_FNN_H7,FNN_H7,7,FN,UP,Herbivore,POPRC,1.521,1.9,44,23.1,
2021,S_FNN_H7,FNN_H7,7,FN,UP,Herbivore,SORU,1.852,2.2,45.1,19.7,
2023,FNN_P4 LITTERER (Plant),FNN_P4,4,FN,UP,F2_Predator,LITTER,3.375,1.3,43.1,32.1,
2023,FNN_P4 MISC (Plant),FNN_P4,4,FN,UP,F2_Predator,MISC,3.221,1.7,44.4,25.6,
2023,FNN_P4 POPRCC (Plant),FNN_P4,4,FN,UP,F2_Predator,POPRC,3.168,1.8,42.6,22.7,
2023,FNN_P4 SOIL,FNN_P4,4,FN,UP,F2_Predator,SOIL,10.847,0.2,3.1,12,
2023,FNN_P4 SORU (Plant),FNN_P4,4,FN,UP,F2_Predator,SORU,3.354,2.5,46.7,18,
2021,FNN_P4,FNN_P4,4,FN,UP,F2_Predator,SOIL,10.451,0.2,2.3,11,
2021,L_FNN_P4,FNN_P4,4,FN,UP,F2_Predator,LITTER,1.518,1.1,42.8,37.4,
2021,M_FNN_P4,FNN_P4,4,FN,UP,F2_Predator,MISC,1.566,1.9,48.1,24.1,
2021,P_FNN_P4,FNN_P4,4,FN,UP,F2_Predator,POPRC,1.581,1.9,44.9,23.3,
2021,S_FNN_P4,FNN_P4,4,FN,UP,F2_Predator,SORU,1.56,2.4,47.4,19.1,
2023,FNN_P5 LITTERER (Plant),FNN_P5,5,FN,UP,F2_Predator,LITTER,3.253,0.9,43.2,46.3,
2023,FNN_P5 MISC (Plant),FNN_P5,5,FN,UP,F2_Predator,MISC,3.088,1.3,44.2,31.9,
2023,FNN_P5 POPRCC (Plant),FNN_P5,5,FN,UP,F2_Predator,POPRC,3.3,1.5,41.9,27.8,
2023,FNN_P5 SOIL,FNN_P5,5,FN,UP,F2_Predator,SOIL,10.718,0.2,3.5,12.3,
2023,FNN_P5 SORU (Plant),FNN_P5,5,FN,UP,F2_Predator,SORU,3.328,2.2,46.7,20.7,
2021,FNN_P5,FNN_P5,5,FN,UP,F2_Predator,SOIL,10.782,0.2,2.8,12.2,
2021,L_FNN_P5,FNN_P5,5,FN,UP,F2_Predator,LITTER,1.532,0.8,43,51.8,
2021,M_FNN_P5,FNN_P5,5,FN,UP,F2_Predator,MISC,1.78,3.1,47.1,14.7,
2021,P_FNN_P5,FNN_P5,5,FN,UP,F2_Predator,POPRC,1.967,1.3,42.9,32.3,
2021,S_FNN_P5,FNN_P5,5,FN,UP,F2_Predator,SORU,1.806,2.3,48.3,20.8,
2023,FNN_P6 SORU (Plant),FNN_P6,1,FN,UP,F1_Predator,SORU,3.117,2.3,45.6,19.8,
2023,FNN_P6 POPRC (Plant),FNN_P6,1,FN,UP,F1_Predator,POPRC,3.059,0.9,42.4,45.3,
2023,FNN_P6 MISC (Plant),FNN_P6,1,FN,UP,F1_Predator,MISC,3.541,2.1,44.7,21.1,
2023,FNN_P6 LITTER (Plant),FNN_P6,1,FN,UP,F1_Predator,LITTER,3.337,0.7,46.4,59.5,
2023,FNN_P6 SOIL,FNN_P6,6,FN,UP,F1_Predator,SOIL,10.343,0.2,3.3,12.2,
2021,FNN_P6,FNN_P6,6,FN,UP,F1_Predator,SOIL,10.183,0.1,2.2,11.8,
2021,L_FNN_P6,FNN_P6,6,FN,UP,F1_Predator,LITTER,1.546,0.6,44.5,72.8,
2021,M_FNN_P6,FNN_P6,6,FN,UP,F1_Predator,MISC,1.618,2.8,48,17.1,
2021,P_FNN_P6,FNN_P6,6,FN,UP,F1_Predator,POPRC,1.602,2.4,44.3,17.8,
2021,S_FNN_P6,FNN_P6,6,FN,UP,F1_Predator,SORU,1.778,2.5,47,18.7,
2023,FNN_P7 SORU (Plant),FNN_P7,1,FN,UP,F1_Predator,SORU,2.963,2.1,46.1,21.5,
2023,FNN_P7 POPRC (Plant),FNN_P7,1,FN,UP,F1_Predator,POPRC,3.197,1.8,42.8,23,
2023,FNN_P7 MISC (Plant),FNN_P7,1,FN,UP,F1_Predator,MISC,3.035,0.9,45,45.7,
2023,FNN_P7 LITTER (Plant),FNN_P7,1,FN,UP,F1_Predator,LITTER,3.197,0.5,44.2,87.5,
2023,FNN_P7 SOIL,FNN_P7,7,FN,UP,F1_Predator,SOIL,10.244,0.2,3.3,12.1,
2021,FNN_P7,FNN_P7,7,FN,UP,F1_Predator,SOIL,10.34,0.2,3.1,11.6,
2021,L_FNN_P7,FNN_P7,7,FN,UP,F1_Predator,LITTER,1.768,0.9,44.1,47.7,
2021,M_FNN_P7,FNN_P7,7,FN,UP,F1_Predator,MISC,1.858,1.7,42.1,24,
2021,P_FNN_P7,FNN_P7,7,FN,UP,F1_Predator,POPRC,1.757,2.2,44.4,19.4,
2021,S_FNN_P7,FNN_P7,7,FN,UP,F1_Predator,SORU,2.022,1.9,46.9,24.4,
2023,SCN_H1 SOIL,SCN_H1,1,SC,UP,Herbivore,SOIL,10.601,0.2,3.6,12.5,
2023,SCN_H1 SORU (Plant),SCN_H1,1,SC,UP,Herbivore,SORU,3.163,2.5,46.8,18.7,
2023,SCN_H1 POPRC (Plant),SCN_H1,1,SC,UP,Herbivore,POPRC,3.272,1.4,44,30.5,
2023,SCN_H1 MISC (Plant),SCN_H1,1,SC,UP,Herbivore,MISC,3.166,2.1,46.9,22,
2023,SCN_H1 LITTER (Plant),SCN_H1,1,SC,UP,Herbivore,LITTER,2.985,1,41.9,41.9,
2021,L_SCN_H1,SCN_H1,1,SC,UP,Herbivore,LITTER,2.084,0.9,44.4,46.9,
2021,M_SCN_H1,SCN_H1,1,SC,UP,Herbivore,MISC,1.873,2.3,44.5,19,
2021,P_SCN_H1,SCN_H1,1,SC,UP,Herbivore,POPRC,1.83,2.8,43.7,15.2,
2021,S_SCN_H1,SCN_H1,1,SC,UP,Herbivore,SORU,1.94,1.8,46.3,24.8,
2021,SCN_H1,SCN_H1,1,SC,UP,Herbivore,SOIL,10.279,0.2,2.6,10.8,
2023,SCN_H7 SOIL,SCN_H7,7,SC,UP,Herbivore,SOIL,10.093,0.1,2.4,12.4,
2023,SCN_H7 SORU (Plant),SCN_H7,1,SC,UP,Herbivore,SORU,3.447,2.7,46.7,17.2,
2023,SCN_H7 POPRC (Plant),SCN_H7,1,SC,UP,Herbivore,POPRC,3.276,1.8,38.6,21.2,
2023,SCN_H7 MISC (Plant),SCN_H7,1,SC,UP,Herbivore,MISC,3.173,1.5,43,26.9,
2023,SCN_H7 LITTER (Plant),SCN_H7,1,SC,UP,Herbivore,LITTER,3.422,1.1,43.3,39.2,
2021,L_SCN_H7,SCN_H7,7,SC,UP,Herbivore,LITTER,2.074,0.6,45,65.1,
2021,M_SCN_H7,SCN_H7,7,SC,UP,Herbivore,MISC,1.725,1.9,44.2,22.9,
2021,P_SCN_H7,SCN_H7,7,SC,UP,Herbivore,POPRC,1.632,1.4,42.6,28.5,
2021,S_SCN_H7,SCN_H7,7,SC,UP,Herbivore,SORU,2.015,2,46.7,23.2,
2021,SCN_H7,SCN_H7,7,SC,UP,Herbivore,SOIL,10.643,0.2,2.6,12.3,
2023,SCN_P1 LITTERER (Plant),SCN_P1,1,SC,UP,F1_Predator,LITTER,3.184,1.2,43.3,34.3,
2023,SCN_P1 MISC (Plant),SCN_P1,1,SC,UP,F1_Predator,MISC,3.309,2.3,45.3,19,
2023,SCN_P1 POPRCC (Plant),SCN_P1,1,SC,UP,F1_Predator,POPRC,3.135,1.7,41.3,23.5,
2023,SCN_P1 SOIL,SCN_P1,1,SC,UP,F1_Predator,SOIL,10.091,0.2,2.5,12.4,
2023,SCN_P1 SORU (Plant),SCN_P1,1,SC,UP,F1_Predator,SORU,3.42,2.8,45.2,15.8,
2021,L_SCN_P1,SCN_P1,1,SC,UP,F1_Predator,LITTER,1.805,0.6,44.3,73.1,
2021,M_SCN_P1,SCN_P1,1,SC,UP,F1_Predator,MISC,1.992,2,44.4,21.7,
2021,P_SCN_P1,SCN_P1,1,SC,UP,F1_Predator,POPRC,1.778,2.3,46,19.2,
2021,S_SCN_P1,SCN_P1,1,SC,UP,F1_Predator,SORU,NA,2.4,47.2,19.4,Imputed
2021,SCN_P1,SCN_P1,1,SC,UP,F1_Predator,SOIL,10.576,0.2,3.2,13.3,
2023,SCN_P7 LITTERER (Plant),SCN_P7,7,SC,UP,F2_Predator,LITTER,3.222,0.8,44.4,53.5,
2023,SCN_P7 MISC (Plant),SCN_P7,7,SC,UP,F2_Predator,MISC,3.343,2,46,22.2,
2023,SCN_P7 POPRCC (Plant),SCN_P7,7,SC,UP,F2_Predator,POPRC,3.141,1.1,41.1,36.9,
2023,SCN_P7 SOIL,SCN_P7,7,SC,UP,F2_Predator,SOIL,9.501,0.2,2.7,11.8,
2023,SCN_P7 SORU (Plant),SCN_P7,7,SC,UP,F2_Predator,SORU,3.099,2.3,45.5,19.6,
2021,L_SCN_P7,SCN_P7,7,SC,UP,F2_Predator,LITTER,1.589,0.8,42.6,49.2,
2021,M_SCN_P7,SCN_P7,7,SC,UP,F2_Predator,MISC,2.059,2.3,43.6,18.4,
2021,P_SCN_P7,SCN_P7,7,SC,UP,F2_Predator,POPRC,2.088,2.2,44.4,19.5,
2021,S_SCN_P7,SCN_P7,7,SC,UP,F2_Predator,SORU,2.066,2.5,45.8,17.6,
2021,SCN_P7,SCN_P7,7,SC,UP,F2_Predator,SOIL,10.896,0.2,2.7,13,
2023,UPH_H2 SORU (Plant),UPH_H2,2,UP,UP,Herbivore,SORU,3.108,2.5,45,17.7,
2023,UPH_H2 POPRCC (Plant),UPH_H2,2,UP,UP,Herbivore,POPRC,2.997,1.4,41,27.6,
2023,UPH_H2 MISC (Plant),UPH_H2,2,UP,UP,Herbivore,MISC,3.289,1.7,46,26,
2023,UPH_H2 LITTERER (Plant),UPH_H2,2,UP,UP,Herbivore,LITTER,3.107,0.9,41.5,45.2,
2023,UPH_H2 SOIL,UPH_H2,2,UP,UP,Herbivore,SOIL,10.508,0.2,3.1,12.6,
2021,L_UPH_H2,UPH_H2,2,UP,UP,Herbivore,LITTER,1.723,1,43.8,42.7,
2021,M_UPH_H2,UPH_H2,2,UP,UP,Herbivore,MISC,1.858,2.1,37.7,17.9,
2021,P_UPH_H2,UPH_H2,2,UP,UP,Herbivore,POPRC,2.019,3.6,46.2,12.5,
2021,S_UPH_H2,UPH_H2,2,UP,UP,Herbivore,SORU,1.507,2.1,47.7,22,
2021,UPH_H2,UPH_H2,2,UP,UP,Herbivore,SOIL,10.538,0.2,2.7,12.6,
2023,UPH_H3 SORU (Plant),UPH_H3,3,UP,UP,Herbivore,SORU,3.151,2.4,44.5,18.5,
2023,UPH_H3 POPRCC (Plant),UPH_H3,3,UP,UP,Herbivore,POPRC,3.189,1.1,43.5,37.7,
2023,UPH_H3 MISC (Plant),UPH_H3,3,UP,UP,Herbivore,MISC,3.066,1.9,44.5,23.4,
2023,UPH_H3 LITTERER (Plant),UPH_H3,3,UP,UP,Herbivore,LITTER,3.461,1,45,42.4,
2023,UPH_H3 SOIL,UPH_H3,3,UP,UP,Herbivore,SOIL,10.814,0.1,2.2,11.4,
2021,L_UPH_H3,UPH_H3,3,UP,UP,Herbivore,LITTER,1.65,0.8,42.2,48.8,
2021,M_UPH_H3,UPH_H3,3,UP,UP,Herbivore,MISC,1.943,1.7,45.7,26.2,
2021,P_UPH_H3,UPH_H3,3,UP,UP,Herbivore,POPRC,1.741,2.4,43,17.2,
2021,S_UPH_H3,UPH_H3,3,UP,UP,Herbivore,SORU,1.615,2.3,44.9,19,
2021,UPH_H3,UPH_H3,3,UP,UP,Herbivore,SOIL,10.576,0.2,2.5,12.3,
2023,UPH_H6 SORU (Plant),UPH_H6,6,UP,UP,Herbivore,SORU,3.27,2,45.3,21.7,
2023,UPH_H6 POPRCC (Plant),UPH_H6,6,UP,UP,Herbivore,POPRC,3.431,2,42.2,20.8,
2023,UPH_H6 MISC (Plant),UPH_H6,6,UP,UP,Herbivore,MISC,3.14,2.2,42.2,18.8,
2023,UPH_H6 LITTERER (Plant),UPH_H6,6,UP,UP,Herbivore,LITTER,3.025,1.2,42.9,34.4,
2023,UPH_H6 SOIL,UPH_H6,6,UP,UP,Herbivore,SOIL,10.799,0.2,2.4,11.7,
2021,L_UPH_H6,UPH_H6,6,UP,UP,Herbivore,LITTER,1.87,1.1,44.4,39.3,
2021,M_UPH_H6,UPH_H6,6,UP,UP,Herbivore,MISC,1.953,2.6,44.3,16.5,
2021,P_UPH_H6,UPH_H6,6,UP,UP,Herbivore,POPRC,2.004,1.7,43.5,24.8,
2021,S_UPH_H6,UPH_H6,6,UP,UP,Herbivore,SORU,1.745,2.6,46.8,17.5,
2021,UPH_H6,UPH_H6,6,UP,UP,Herbivore,SOIL,10.685,0.1,2.3,12.1,
2023,UPH_H8 SORU (Plant),UPH_H8,8,UP,UP,Herbivore,SORU,3.112,2.7,47.6,17,
2023,UPH_H8 POPRCC (Plant),UPH_H8,8,UP,UP,Herbivore,POPRC,3.337,1.5,41.3,25.9,
2023,UPH_H8 MISC (Plant),UPH_H8,8,UP,UP,Herbivore,MISC,3.175,1.1,44.7,38.3,
2023,UPH_H8 LITTERER (Plant),UPH_H8,8,UP,UP,Herbivore,LITTER,3.119,1.1,40,33.4,
2023,UPH_H8 SOIL,UPH_H8,8,UP,UP,Herbivore,SOIL,10.225,0.2,2.4,12,
2021,L_UPH_H8,UPH_H8,8,UP,UP,Herbivore,LITTER,1.506,1,43.1,41.3,
2021,M_UPH_H8,UPH_H8,8,UP,UP,Herbivore,MISC,1.601,1.5,43,27.6,
2021,P_UPH_H8,UPH_H8,8,UP,UP,Herbivore,POPRC,1.753,1.1,39.6,34.9,
2021,S_UPH_H8,UPH_H8,8,UP,UP,Herbivore,SORU,1.58,2.4,48.8,19.8,
2021,UPH_H8,UPH_H8,8,UP,UP,Herbivore,SOIL,10.456,0.2,2.6,11.9,
2023,UPH_P1 LITTERER (Plant),UPH_P1,1,UP,UP,F1_Predator,LITTER,3.25,0.9,44.7,46.4,
2023,UPH_P1 MISC (Plant),UPH_P1,1,UP,UP,F1_Predator,MISC,3.319,1.9,44.8,23.1,
2023,UPH_P1 POPRCC (Plant),UPH_P1,1,UP,UP,F1_Predator,POPRC,3.422,1.3,40.8,31.1,
2023,UPH_P1 SOIL,UPH_P1,1,UP,UP,F1_Predator,SOIL,9.702,0.2,3.2,11.8,
2023,UPH_P1 SORU (Plant),UPH_P1,1,UP,UP,F1_Predator,SORU,3.043,2.3,45.7,19.4,
2021,L_UPH_P1,UPH_P1,1,UP,UP,F1_Predator,LITTER,1.94,0.7,45,57.5,
2021,M_UPH_P1,UPH_P1,1,UP,UP,F1_Predator,MISC,1.606,2.3,47,19.8,
2021,P_UPH_P1,UPH_P1,1,UP,UP,F1_Predator,POPRC,1.861,1.6,43.6,26.8,
2021,S_UPH_P1,UPH_P1,1,UP,UP,F1_Predator,SORU,2.039,2.1,47.1,21.7,
2021,UPH_P1,UPH_P1,1,UP,UP,F1_Predator,SOIL,10.19,0.2,2.6,12.1,
2023,UPH_P3 LITTERER (Plant),UPH_P3,3,UP,UP,F2_Predator,LITTER,3.148,1.1,42.2,37.4,
2023,UPH_P3 MISC (Plant),UPH_P3,3,UP,UP,F2_Predator,MISC,3.037,3.6,46,12.7,
2023,UPH_P3 POPRCC (Plant),UPH_P3,3,UP,UP,F2_Predator,POPRC,3.238,1.1,42,37.8,
2023,UPH_P3 SOIL,UPH_P3,3,UP,UP,F2_Predator,SOIL,10.098,0.2,3.2,12.1,
2023,UPH_P3 SORU (Plant),UPH_P3,3,UP,UP,F2_Predator,SORU,3.293,2.2,46.2,20.5,
2021,L_UPH_P3,UPH_P3,3,UP,UP,F2_Predator,LITTER,1.573,0.9,42,45.8,
2021,M_UPH_P3,UPH_P3,3,UP,UP,F2_Predator,MISC,1.593,2.2,44.5,19.4,
2021,P_UPH_P3,UPH_P3,3,UP,UP,F2_Predator,POPRC,1.988,1.5,42.6,28.1,
2021,S_UPH_P3,UPH_P3,3,UP,UP,F2_Predator,SORU,1.532,1.8,45,23.8,
2021,UPH_P3,UPH_P3,3,UP,UP,F2_Predator,SOIL,10.011,0.2,2.4,9.7,
2023,UPH_P7 LITTERER (Plant),UPH_P7,7,UP,UP,F2_Predator,LITTER,3.348,1.7,43.4,24.3,
2023,UPH_P7 MISC (Plant),UPH_P7,7,UP,UP,F2_Predator,MISC,3.104,1.4,45.6,31.2,
2023,UPH_P7 POPRCC (Plant),UPH_P7,7,UP,UP,F2_Predator,POPRC,3.046,1.4,45.1,31.4,
2023,UPH_P7 SOIL,UPH_P7,7,UP,UP,F2_Predator,SOIL,10.278,0.2,2.7,11.8,
2023,UPH_P7 SORU (Plant),UPH_P7,7,UP,UP,F2_Predator,SORU,3.339,1.7,45.2,25.4,
2021,L_UPH_P7,UPH_P7,7,UP,UP,F2_Predator,LITTER,1.776,1.3,45.5,34,
2021,M_UPH_P7,UPH_P7,7,UP,UP,F2_Predator,MISC,1.81,1.6,44.6,27.1,
2021,P_UPH_P7,UPH_P7,7,UP,UP,F2_Predator,POPRC,1.872,2.1,43.7,20.1,
2021,S_UPH_P7,UPH_P7,7,UP,UP,F2_Predator,SORU,1.564,1.8,47.8,25.2,
2021,UPH_P7,UPH_P7,7,UP,UP,F2_Predator,SOIL,10.057,0.2,3.2,12.6,
2023,UPH_P8 LITTERER (Plant),UPH_P8,8,UP,UP,F1_Predator,LITTER,3.125,1.2,42.6,34.2,
2023,UPH_P8 MISC (Plant),UPH_P8,8,UP,UP,F1_Predator,MISC,3.056,1.2,45.1,37.5,
2023,UPH_P8 POPRCC (Plant),UPH_P8,8,UP,UP,F1_Predator,POPRC,3.084,1.4,42.9,29.5,
2023,UPH_P8 SOIL,UPH_P8,8,UP,UP,F1_Predator,SOIL,10.014,0.2,2.7,11.5,
2023,UPH_P8 SORU (Plant),UPH_P8,8,UP,UP,F1_Predator,SORU,3.129,1.8,46.2,25.5,
2021,L_UPH_P8,UPH_P8,8,UP,UP,F1_Predator,LITTER,1.605,1,44.6,42.6,
2021,M_UPH_P8,UPH_P8,8,UP,UP,F1_Predator,MISC,1.591,1.6,43.4,25.7,
2021,P_UPH_P8,UPH_P8,8,UP,UP,F1_Predator,POPRC,1.716,2.3,44,18.6,
2021,S_UPH_P8,UPH_P8,8,UP,UP,F1_Predator,SORU,1.571,2.1,46.2,21.1,
2021,UPH_P8,UPH_P8,8,UP,UP,F1_Predator,SOIL,10.89,0.2,2.4,12.2,
2023,UPH_V1 SOIL,UPH_V1,1,UP,UP,Vegetation,SOIL,10.263,0.2,2.7,11.8,
2023,UPH_V1 LITTER (Plant),UPH_V1,1,UP,UP,Vegetation,LITTER,3.082,1,45.7,45.2,
2023,UPH_V1 MISC (Plant),UPH_V1,1,UP,UP,Vegetation,MISC,3.218,1.6,44.9,27.2,
2023,UPH_V1 POPRC (Plant),UPH_V1,1,UP,UP,Vegetation,POPRC,3.19,1.9,43.1,21.6,
2023,UPH_V1 SORU (Plant),UPH_V1,1,UP,UP,Vegetation,SORU,3.097,2.3,45.9,19.4,
2021,L_UPH_V1,UPH_V1,1,UP,UP,Vegetation,LITTER,2.003,1.3,44.6,32,
2021,M_UPH_V1,UPH_V1,1,UP,UP,Vegetation,MISC,1.79,2.8,46.6,16.1,
2021,P_UPH_V1,UPH_V1,1,UP,UP,Vegetation,POPRC,1.69,1.3,43.1,32.4,
2021,S_UPH_V1,UPH_V1,1,UP,UP,Vegetation,SORU,1.552,2.1,48.2,22.5,
2021,UPH_V1,UPH_V1,1,UP,UP,Vegetation,SOIL,10.359,0.2,2.4,11.9,
2023,UPH_V2 SOIL,UPH_V2,2,UP,UP,Vegetation,SOIL,10.165,0.2,3,11.8,
2023,UPH_V2 LITTER (Plant),UPH_V2,2,UP,UP,Vegetation,LITTER,3.183,1.4,43.3,30.6,
2023,UPH_V2 MISC (Plant),UPH_V2,2,UP,UP,Vegetation,MISC,3.065,1.6,43.2,25.8,
2023,UPH_V2 POPRC (Plant),UPH_V2,2,UP,UP,Vegetation,POPRC,3.094,1.7,43.1,25,
2023,UPH_V2 SORU (Plant),UPH_V2,2,UP,UP,Vegetation,SORU,3.039,2.5,45,17.8,
2021,L_UPH_V2,UPH_V2,2,UP,UP,Vegetation,LITTER,1.855,0.8,45,52.5,
2021,M_UPH_V2,UPH_V2,2,UP,UP,Vegetation,MISC,1.94,1.5,42.9,27.3,
2021,P_UPH_V2,UPH_V2,2,UP,UP,Vegetation,POPRC,1.791,2.1,44.1,20.7,
2021,S_UPH_V2,UPH_V2,2,UP,UP,Vegetation,SORU,NA,2.3,46.7,20.4,Imputed
2021,UPH_V2,UPH_V2,2,UP,UP,Vegetation,SOIL,10.418,0.2,2.5,11.3,
2023,UPH_V3 SOIL,UPH_V3,3,UP,UP,Vegetation,SOIL,10.21,0.1,2.3,11.6,
2023,UPH_V3 LITTER (Plant),UPH_V3,3,UP,UP,Vegetation,LITTER,3.028,1,43.4,42.5,
2023,UPH_V3 MISC (Plant),UPH_V3,3,UP,UP,Vegetation,MISC,3.097,1.5,45.5,29.3,
2023,UPH_V3 POPRC (Plant),UPH_V3,3,UP,UP,Vegetation,POPRC,3.194,1.7,43.5,25.5,
2023,UPH_V3 SORU (Plant),UPH_V3,3,UP,UP,Vegetation,SORU,3.221,2.8,46.5,16.3,
2021,L_UPH_V3,UPH_V3,3,UP,UP,Vegetation,LITTER,1.885,1.3,43.9,31.9,
2021,M_UPH_V3,UPH_V3,3,UP,UP,Vegetation,MISC,1.83,2.3,47.7,20.4,
2021,P_UPH_V3,UPH_V3,3,UP,UP,Vegetation,POPRC,1.653,2.4,44.3,17.7,
2021,S_UPH_V3,UPH_V3,3,UP,UP,Vegetation,SORU,NA,2.3,46.7,20.4,Imputed
2021,UPH_V3,UPH_V3,3,UP,UP,Vegetation,SOIL,10.668,0.2,2.6,11.6,
2023,UPH_V4 SOIL,UPH_V4,4,UP,UP,Vegetation,SOIL,10.349,0.2,3,12,
2023,UPH_V4 POPRC (Plant),UPH_V4,4,UP,UP,Vegetation,POPRC,3.211,1,43.3,42.7,
2023,UPH_V4 LITTER (Plant),UPH_V4,4,UP,UP,Vegetation,LITTER,3.023,1.2,44.4,36.6,
2023,UPH_V4 MISC (Plant),UPH_V4,4,UP,UP,Vegetation,MISC,3.148,1.9,46.2,23.9,
2023,UPH_V4 SORU (Plant),UPH_V4,4,UP,UP,Vegetation,SORU,3.065,2.1,46.1,21.6,
2021,L_UPH_V4,UPH_V4,4,UP,UP,Vegetation,LITTER,1.891,0.9,42.3,42.5,
2021,M_UPH_V4,UPH_V4,4,UP,UP,Vegetation,MISC,1.591,2.6,47.1,18,
2021,P_UPH_V4,UPH_V4,4,UP,UP,Vegetation,POPRC,1.961,1.5,44,28.2,
2021,S_UPH_V4,UPH_V4,4,UP,UP,Vegetation,SORU,1.93,1.8,47.5,25,
2021,UPH_V4,UPH_V4,4,UP,UP,Vegetation,SOIL,10.081,0.1,1.9,13,
2023,UPH_V5 SOIL,UPH_V5,5,UP,UP,Vegetation,SOIL,10.534,0.2,2.8,11.6,
2023,UPH_V5 LITTER (Plant),UPH_V5,5,UP,UP,Vegetation,LITTER,3.084,1.2,43.6,35.8,
2023,UPH_V5 POPRC (Plant),UPH_V5,5,UP,UP,Vegetation,POPRC,3.134,2.4,44.4,18.1,
2023,UPH_V5 SORU (Plant),UPH_V5,5,UP,UP,Vegetation,SORU,3.152,2.6,46.1,17.7,
2023,UPH_V5 MISC (Plant),UPH_V5,5,UP,UP,Vegetation,MISC,3.276,2.9,47.5,16.3,
2021,L_UPH_V5,UPH_V5,5,UP,UP,Vegetation,LITTER,1.631,0.8,44.4,52.1,
2021,M_UPH_V5,UPH_V5,5,UP,UP,Vegetation,MISC,1.985,3,47.7,15.4,
2021,P_UPH_V5,UPH_V5,5,UP,UP,Vegetation,POPRC,1.685,2.1,45.7,21.4,
2021,S_UPH_V5,UPH_V5,5,UP,UP,Vegetation,SORU,NA,2.3,46.7,20.4,Imputed
2021,UPH_V5,UPH_V5,5,UP,UP,Vegetation,SOIL,10.606,0.2,3,11.8,
2023,UPH_V6 SOIL,UPH_V6,6,UP,UP,Vegetation,SOIL,10.779,0.2,2.7,11.7,
2023,UPH_V6 LITTER (Plant),UPH_V6,6,UP,UP,Vegetation,LITTER,3.015,1,46.1,43.4,
2023,UPH_V6 POPRC (Plant),UPH_V6,6,UP,UP,Vegetation,POPRC,3.076,1.3,43.3,32.4,
2023,UPH_V6 MISC (Plant),UPH_V6,6,UP,UP,Vegetation,MISC,3.385,1.4,43.6,30.1,
2023,UPH_V6 SORU (Plant),UPH_V6,6,UP,UP,Vegetation,SORU,3.133,2.4,47,18.8,
2021,L_UPH_V6,UPH_V6,6,UP,UP,Vegetation,LITTER,1.931,0.4,45.7,92.5,
2021,M_UPH_V6,UPH_V6,6,UP,UP,Vegetation,MISC,1.815,2.2,48.5,22,
2021,P_UPH_V6,UPH_V6,6,UP,UP,Vegetation,POPRC,1.56,1.5,39.6,26.3,
2021,S_UPH_V6,UPH_V6,6,UP,UP,Vegetation,SORU,1.532,2.4,47.9,19.7,
2021,UPH_V6,UPH_V6,6,UP,UP,Vegetation,SOIL,10.627,0.2,2.7,12.2,
2023,UPH_V7 SOIL,UPH_V7,7,UP,UP,Vegetation,SOIL,9.963,0.2,3.5,12.3,
2023,UPH_V7 LITTER (Plant),UPH_V7,7,UP,UP,Vegetation,LITTER,3.104,1,43.9,40,
2023,UPH_V7 MISC (Plant),UPH_V7,7,UP,UP,Vegetation,MISC,3.115,1.2,44.1,34.1,
2023,UPH_V7 SORU (Plant),UPH_V7,7,UP,UP,Vegetation,SORU,3.063,2.2,45.6,20.6,
2023,UPH_V7 POPRC (Plant),UPH_V7,7,UP,UP,Vegetation,POPRC,3.171,2.7,42.8,15.6,
2021,L_UPH_V7,UPH_V7,7,UP,UP,Vegetation,LITTER,1.541,0.7,46.1,58.8,
2021,M_UPH_V7,UPH_V7,7,UP,UP,Vegetation,MISC,1.956,1.8,45,24.7,
2021,P_UPH_V7,UPH_V7,7,UP,UP,Vegetation,POPRC,1.604,2.3,44,18.5,
2021,S_UPH_V7,UPH_V7,7,UP,UP,Vegetation,SORU,1.806,1.9,48.7,25.5,
2021,UPH_V7,UPH_V7,7,UP,UP,Vegetation,SOIL,10.738,0.2,2.5,12.7,
2023,UPH_V8 SOIL,UPH_V8,8,UP,UP,Vegetation,SOIL,9.844,0.2,2.4,11.9,
2023,UPH_V8 LITTER (Plant),UPH_V8,8,UP,UP,Vegetation,LITTER,3.335,0.9,36.4,40.3,
2023,UPH_V8 MISC (Plant),UPH_V8,8,UP,UP,Vegetation,MISC,3.192,1.3,45.2,33.9,
2023,UPH_V8 POPRC (Plant),UPH_V8,8,UP,UP,Vegetation,POPRC,3.365,1.5,39.3,24.8,
2023,UPH_V8 SORU (Plant),UPH_V8,8,UP,UP,Vegetation,SORU,3.042,2.5,45.6,18.1,
2021,L_UPH_V8,UPH_V8,8,UP,UP,Vegetation,LITTER,1.579,1,44.2,40.8,
2021,M_UPH_V8,UPH_V8,8,UP,UP,Vegetation,MISC,2.056,1.9,43.8,22.8,
2021,P_UPH_V8,UPH_V8,8,UP,UP,Vegetation,POPRC,1.974,1.8,43.5,23.8,
2021,S_UPH_V8,UPH_V8,8,UP,UP,Vegetation,SORU,1.518,2.1,47,21.8,
2021,UPH_V8,UPH_V8,8,UP,UP,Vegetation,SOIL,10.775,0.2,2.6,12.7,